,eng,deu,fin,mnd,fra,ita,rus,spa
eng,0.0,0.42,0.53,0.57,0.46,0.51,0.49,0.4
deu,0.42,0.0,0.54,0.58,0.46,0.52,0.42,0.5
fin,0.53,0.54,0.0,0.57,0.54,0.57,0.38,0.47
mnd,0.57,0.58,0.57,0.0,0.57,0.61,0.57,0.56
fra,0.46,0.46,0.54,0.57,0.0,0.55,0.51,0.41
ita,0.51,0.52,0.57,0.61,0.55,0.0,0.56,0.47
rus,0.49,0.42,0.38,0.57,0.51,0.56,0.0,0.45
spa,0.4,0.5,0.47,0.56,0.41,0.47,0.45,0.0
