,eng,deu,nld,fin,fra,ita,spa,por,rus,heb,arb,cmn,zho
eng,0.0,0.42,0.49,0.53,0.46,0.51,0.4,0.47,0.49,0.52,0.67,0.55,0.57
deu,0.42,0.0,0.35,0.54,0.46,0.52,0.5,0.53,0.42,0.5,0.74,0.6,0.58
nld,0.49,0.35,0.0,0.61,0.51,0.43,0.58,0.49,0.57,0.59,0.75,0.61,0.63
fin,0.53,0.54,0.61,0.0,0.54,0.57,0.47,0.52,0.38,0.49,0.62,0.52,0.57
fra,0.46,0.46,0.51,0.54,0.0,0.55,0.41,0.46,0.51,0.47,0.67,0.65,0.57
ita,0.51,0.52,0.43,0.57,0.55,0.0,0.47,0.3,0.56,0.49,0.64,0.6,0.61
spa,0.4,0.5,0.58,0.47,0.41,0.47,0.0,0.4,0.45,0.44,0.68,0.6,0.56
por,0.47,0.53,0.49,0.52,0.46,0.3,0.4,0.0,0.5,0.46,0.61,0.59,0.61
rus,0.49,0.42,0.57,0.38,0.51,0.56,0.45,0.5,0.0,0.43,0.67,0.51,0.57
heb,0.52,0.5,0.59,0.49,0.47,0.49,0.44,0.46,0.43,0.0,0.6,0.6,0.54
arb,0.67,0.74,0.75,0.62,0.67,0.64,0.68,0.61,0.67,0.6,0.0,0.72,0.67
cmn,0.55,0.6,0.61,0.52,0.65,0.6,0.6,0.59,0.51,0.6,0.72,0.0,0.57
zho,0.57,0.58,0.63,0.57,0.57,0.61,0.56,0.61,0.57,0.54,0.67,0.57,0.0
